path	size_bytes	sha256
Resources/Data/100HCP-population-mean-T2.nii.gz	39100303	b93f2272e4cf544727daa7b65018fb04003f3e4c25863610394332062de95bb7
parcellation/weights/Fused-Unet-v3-noMax-axial.pkl	51611581	e330123ba4fb3ea440a3deb4c16200f74a8022cab41902f5c9239b45e81cb527
parcellation/weights/Fused-Unet-v3-noMax-coronal.pkl	51611581	1690ae3a6631d32579b1b91648098f68ac01d272c9c3cc2d52e44924df5ab05c
parcellation/weights/Fused-Unet-v3-noMax-sagittal.pkl	51560621	82b3843cdfdb551eca21ac78b300a52f1c7e42eded92ef2bcf6e0084e44c78ad
parcellation/weights/backbones/dti-FractionalAnisotropy-reg-NormMasked-axial.pkl	21682268	a96335aa059bcbd3b079f17fb1aa768b224a3ed94dec7baf3a47cd30b551139a
parcellation/weights/backbones/dti-FractionalAnisotropy-reg-NormMasked-coronal.pkl	21682268	45ef5359104a31b62ccae7045bfec25725fbff4e67fa6a145e58d40285211f87
parcellation/weights/backbones/dti-FractionalAnisotropy-reg-NormMasked-sagittal.pkl	21660428	d9c1d83d59fce85c2b6ed5074bea0895822d25a2117267b569398ca73ebd660d
parcellation/weights/backbones/dti-MidEigenvalue-reg-NormMasked-axial.pkl	21682268	75dab6bf98a631693db4414b3778aad18367cac5c810d55f6daec5e6477cddbe
parcellation/weights/backbones/dti-MidEigenvalue-reg-NormMasked-coronal.pkl	21682268	47672c0b700164397c5fe6198ee8936c8a09d46d3ffda4bed43752464a42c9cd
parcellation/weights/backbones/dti-MidEigenvalue-reg-NormMasked-sagittal.pkl	21660428	39cee3bfd6726acad53386c3d64b4b7e4fbbc797788eb938b0a49deecabcd450
parcellation/weights/backbones/dti-MinEigenvalue-reg-NormMasked-axial.pkl	21682268	2828a3ddaab013b05ef2a8535914edc4022743be146f6d61543f86981458a3cd
parcellation/weights/backbones/dti-MinEigenvalue-reg-NormMasked-coronal.pkl	21682268	5110c611191dfdeb5c3ae7a606e1bcf67ddef3349c468b7718dcb30ccb7f6207
parcellation/weights/backbones/dti-MinEigenvalue-reg-NormMasked-sagittal.pkl	21660428	b18c5d5fd3ea6204b4851969c226caa4ba942cd18361d454b7e5c86cec33394e
parcellation/weights/backbones/dti-Trace-reg-NormMasked-axial.pkl	21682268	d8dcf6877e372a9f1939818d236c5db833e84a1036749a5c05fd617a565f7a53
parcellation/weights/backbones/dti-Trace-reg-NormMasked-coronal.pkl	21682268	9c97f98133c7eb2ad7156cab08a57c8904f436f5a895193e26a3a0ed161c9ccc
parcellation/weights/backbones/dti-Trace-reg-NormMasked-sagittal.pkl	21660428	292f029a3d656a50329aa3bcce5bc9f795496bf434cb23d6769ee183478533b4
segmentation/weights/dti_axial.pt	124521692	e331fa15cb531958f892e1b03eaef8405c3ddd927f4cd7427de841f9e9f41e77
segmentation/weights/dti_coronal.pt	124414816	800a8467021471a99e9cbcec1e5b8cda4b0935018113a85b07d2b903890b8376
segmentation/weights/dti_sagittal.pt	124476546	5a150b5654d8f31ac03549bfd952aad40f176ffcd2c7bfb359ed9aaf3785612b
surface/template/100HCP-population-mean-T2-1mm.nii.gz	13803987	9c0f03a07b0967052d2be81bc359d188940f89794cd95c1369c48bc3a14e644a
surface/template/ddsurfer_lh_template.obj	13275275	4da63ee7b02bd3b45a1164c6c030fdd0e18903c821b47cdd7fc9d492b0a9ed1c
surface/template/ddsurfer_rh_template.obj	13420964	74186754cdac0510a595bab82818329703c9906384f1e6a8d1c8cad4eddaf1fe
surface/weights/SHA256SUMS	340	bccb1efa6cba8bc251e38f24dab2159cc13ffcd3163d549d953aeb836a1fe927
surface/weights/ddsurfer_lh_pial.pt	45718165	ac5a5f5b30fbb27627372447295e34f614e4b71e3f70551e44af88a635d97c27
surface/weights/ddsurfer_lh_wm.pt	45716667	0441f8991d2be2aa65c68fa7454b068d92f73089bdbd548b45f61a867ed5fa8f
surface/weights/ddsurfer_rh_pial.pt	45718165	d22ed9df70e618f5e2c2319619aab3418388ce271427925bf15baf5bf3216a24
surface/weights/ddsurfer_rh_wm.pt	45716667	ec6e2c6844fae44a61cda92ae369c3f19b5c2d0c9452e4391ed142e2ab4c0030
surface/weights/manifest.json	1641	134b3a3e70a412a9c4722619b8428cf8aeb3a0e324ad40850b2e679d9180bfc6
